long,lat
-106.08,26.4
-106.08,26.4
-111.32,45.3
-120.45,43.58
-118.92,42.67
-109.8,37.93330014
-121.33,47.88
-104.97,38.77
-105.5,37.78
-105.52,40.02
-106.52,39.95
-85.92,30.45
-118.55,36.45
-118.92,36.95
-79.28,48.47
-126.35,50.22
-118.3333001,52.68330014
-116.0833001,49.56669986
20,41
-71.33,-42.5
-65,-24
-110.6,42.8
-105.3,38.4
-0.683300141,40.38330014
12.1,49.01669986
12.1,49.01669986
12.1,49.01669986
12.1,49.01669986
12.1,49.01669986
74.93330014,35.9
8.683300141,47.48330014
7.916699859,47.33330014
7.25,47.16669986
7.383300141,47.13330014
7.383300141,47.13330014
58.36669986,68.65
-142.0666999,61.13330014
-152.3166999,57.61669986
89.5,27.46669986
90.15,27.45
91.18330014,27.48330014
89.31669986,27.38330014
-116.6833001,49.58330014
-61,56
-115.92,67.23
-142.35,68.78330014
82.13330014,42.88330014
81.71669986,42.8
100.2833001,30.86669986
93.3,43.85
93.3,43.81669986
111.7833001,-7.5
110.2666999,-7.033300141
98.23330014,19.01669986
90.96669986,47.1
94.88,49.37
160.5,55
-113.75,48.91669986
-120.45,48.26669986
72.58330014,40.16669986
74.03330014,36.33330014
75.41669986,36.58330014
75.08330014,36.58330014
12.56669986,48.88330014
12.56669986,48.88330014
12.33330014,48.83330014
12.1,49.01669986
-144.15,63.71669986
20.13330014,40.7
145.7,-41.55
146.34,-42.6
-116.44,52.19
-116.3980004,52.0480004
-116.45,52
-116.0833001,49.56669986
24.15,67.5
-84.83,32.83
43.48330014,41.71669986
42.71669986,41.61669986
42.85,41.81669986
22.25,57.21669986
106.2011004,49.9385003
-4.916699859,32.53330014
174.7666999,-36.85
174.6333001,-36.78330014
174.7666999,-36.85
174.7666999,-36.85
-74.5,41
-73.39,43.09
-74.02,42.98
-74.31,42.04
-74.18,41.77
-73.92,43.43
-74,42.9
-74,41.65
-72.59870046,42.79959968
19.08330014,49.28330014
20.03330014,49.25
20.13330014,49.55
7.162800241,46.94970026
9.274200362,47.58280024
8.713300141,47.04579964
9.009200362,46.12610038
7.34,47.01
-159.62,67.07
-148.33,60.45
-135.8666999,58.61669986
98.86669986,31.95
97.03330014,31.11669986
91.51669986,30.3
97.5425005,37.45140012
110.0781,34.46420036
98.22110038,36.74780024
98.41610038,36.67939952
142.1833001,44.35
-91.2,37.2
-118.68,44.31
74.18330014,35.88330014
74.18330014,36.15
71.8,35.35
87.83330014,50.26669986
87.91669986,50.11669986
160.5,55
-136.5933001,59.76219976
-129.6574995,59.19330014
-139.5619,59.53330014
-139.2919,59.53529974
-121,40
-127.2833001,53.76669986
-116.65,49.62
-130.0166999,56.05
-116.6833001,51.65
-117.3666999,50.63330014
-115.7833001,51.06669986
-117.1293995,49.43610038
-117.9457996,52.59169986
99.33330014,38.56669986
7.466699859,44.1
9.083300141,51.15
7.033300141,50.68330014
6.35,50.56669986
6.566699859,50.5
8.116699859,50.71669986
8.116699859,50.71669986
6.833300141,50.78330014
7.716699859,50.96669986
6.833300141,51.55
-96.78330014,46.85
-5.333300141,32.41669986
-110.6833001,45
20.08330014,49.21669986
23.06669986,45.3
60.01669986,67.81669986
-4.041100382,40.7875005
-82.36669986,37.98330014
10.21669986,46.66669986
6.222500503,46.56
7.774399517,46.96079964
6.783300141,47.05
7.4,47.3
7.214399517,46.48190002
8.1,46.38330014
9.183300141,46.45889962
7.886400121,47.26309998
8.755,47.6575005
8.441699859,47.37690002
7.68809998,47.42719976
-71.6,-40.75
-72.41,53.86
-121.4,37.16669986
-162.2166999,67.48330014
-73.75,42.63330014
-80.43330014,37.26669986
-125.89,52.43
-127.56,54.85
-95.91669986,35.53330014
-134.7666999,68.13330014
-134.2666999,68.4
-134.6333001,68.53330014
-133.8166999,68.43330014
-110.2093995,43.57269966
-150.84,60.80669986
171.8,-43.15
-78.68,35.82
-78.88,35.65
11.75,47.63
11.77,43.67
18.33,49.83
9.08,48.57
-90.42,38.25
-105.5,57.07
9.05,46.78
9.88,46.78
9.5,47.75
9.5,47.75
-121.57,36.07
-64.67,-54.7
-67.08,-54.5
-71.17,-53.5
-68.18,-54.78
-0.88,53.63
-116.08,44.43
-111.63,40.57
26.88,68.87
20.13,66.78
27.25,67
28.07,68.45
-105.67,33.33
-105.5,36.58
27.45,68.13
-2.63,39.38
-105.87,39.87
-105.93,39.88
-119.15,48.57
-118.75,48.25
-122.58,47.03
-120.65,48.72
-120.12,45.15
-118.8,48.5
-117.17,48.3
-121.75,48.35
-61.6,57.92
146,-42.33
146,-42.33
-5,32.33
-5.35,32.47
-4.2,33.78
-4.9,32.55
-79.22,41.32
-74.18,41.77
-80.5,37.38
-74.17,41.77
-85.57,35.45
-74.18,41.77
14.32,45.95
-162.22,65.18
-162.27,65.2
-162.23,65.07
-107.82,37
-109.95,34.5
-106.38,35.08
-108.12,37.38
171.8,-42.38
171.57,-42.9
173.55,-35.68
-90.2,37.72
-93.58,41.28
-93.7,41.72
-91.13,42.63
-121.83,46.63
31.3,62.98
-86.1,37.18
-94.03,35.63
-94.32,35.7
-109.92,32.7
-114.17,38.88
-120.17,48.58
-112.35,45.83
-115.63,39.28
-111.8,46.72
-118.08,52.9
-110.23,45.72
-118.43,41.3
-4.93,40.43
-2.13,40.87
-94.08,47.77
-121.4,48.05
-109.52,45.17
-122.03,41.17
-110.67,44.98
-122.52,41.33
-90.9,48.23
-120.37,48.17
-111.82,34.88
-111.75,35.27
-105.63,38.1
-105.13,39.45
-108.02,32.93
-115.53,40.23
-109.88,32.68
-105.67,40.4
-105.25,40.37
-105.47,37.72
-112.07,37.5
-112.1,37.47
-105.58,40.07
-105,39
-109.95,40.62
5.58,50.63
-71.6,-37.35
-120.6,40.15
-71.13,-40.72
-71.25,-38.87
-119.87,43.13
-73.03,-37.83
-121.8,41.72
-118.93,44.9
150.25,69.45
75.47,34.65
-142.02,62.08
94.88,49.37
-103.87,64.03
-149.17,60.82
-138.33,65
-149.47,60.12
5.35,53.4
5.68,50.85
-134.02,58.47
-122.08,46.35
-134.02,58.47
-134.02,58.43
-80.38,37.25
-118.75,36.55
-119.23,37.92
-119.37,37.87
-118.55,44.7
-119.23,37.85
-119.85,37.75
-119.8,37.77
-119.67,37.55
135.73,35.33
82.05,29.28
83.4,28.45
85.25,27.4
84.1,28.48
86.28,27.43
86.17,27.42
82.02,29.3
86,27.5
87.1,27.42
87.12,27.43
29.92,36.67
29.92,36.67
32.3,41.2
147.27,-43.37
145.93,-41.63
175.83,-37.5
-71.7,-43.18
4,46.25
18.7,59.2
-149.85,67.53
-149.82,67.57
-145.33,65.5
-163.7,64.82
-148.67,63.9
-114.2,49.58
6.18,51.28
5.72,52
-103.43,44.33
-118.43,41.3
-97.05,43.85
-103.88,43.5
15.73,67.62
26.82,67.22
30.97,62.77
28.98,61.93
29.63,63.1
28.82,61.87
28,68.53
-71.7,42.67
-1.62,53.32
9.05,45.27
9.28,45.57
171.72,-43.12
170.98,-43.08
171.68,-43.1
169.78,-43.87
171.7,-43.08
171.72,-43.05
10.8,44.28
175.63,-38.65
-119.05,51.03
-122.33,43
-123.52,47.83
-120.63,48.68
-121,47.83
-121.5,46.17
-123.48,47.85
-123.48,47.85
-121.67,45.33
-121.67,45.33
-121.75,46.83
-117.3,34.22
-121.67,43.83
-8.38,54.75
-7.9,52.13
1.5,47.57
2.57,49.23
-3.03,42.03
-2.85,42
-71.75,-45.92
-106.37,38.1
15.55,50.75
-110.53,36.68
10.7,44.12
15.05,37.78
87.58,50.42
118.58,71.7
8,48.57
-110.08,62.17
7.63,46.33
133.78,63.65
-77.83,55.33
154.93,65.1
7.83,46.28
-5.6,40.27
-129.92,59.08
7.18,46.12
51.95,66.88
-93.48,58.67
-77.85,52.03
8.02,47.85
2.07,42.6
-1.68,50.95
19.47,65.17
-149.58,61.33
89.5,70.52
-3.58,57
7.22,47.32
7.68,48.08
21.22,39.8
-137.17,60.42
137.75,62.47
72.65,65.5
22.33,37.08
42.5,64.92
29.58,60.27
2.38,42.45
82.3,66.68
15.3,47.78
64.65,65.32
75.33,63.13
51.38,60.7
119.12,69.78
90.5,69.58
21.67,38.72
42.5,64.92
42.5,64.92
32.9,34.9
8.03,46.37
149.43,65.15
7.43,47.15
7.43,47.15
8.03,47.85
69.28,66.82
7.98,47.83
7.43,46.4
-121.25,51.88
11.28,47.13
19.67,68.23
32.87,34.93
32.87,34.93
118.83,56.83
85.37,50.15
87.68,50.5
-116.17,51.17
7.08,47.98
32.58,35.08
122.33,66.52
5,43.35
82.33,66.6
82.33,66.6
60,64.67
-121.53,42.63
-97.17,49.72
-81.8,31.62
-96.38,36.7
-92.82,36.68
-92.25,36.07
-92.9,35.83
-90.95,35.85
-95.95,37.58
-121.1,38.77
-93.5,34.52
-83.92,35.35
-92.93,34.8
-92.12,38.5
-92.5,34.83
-82.32,31.93
-95.08,33.73
-121.18,36.47
-93.33,38.03
-96.07,31.97
-99.78,21.68
-91.5,38.65
-88.08,36.8
-95.22,47.22
-102.62,28.93
-106.18,37.07
-103.23,29.27
-105.75,32.93
-109.43,35.87
-106.08,41.1
-106.85,42.35
-106.85,42.37
-70.05,44.47
-105.47,36.73
-105.13,39.37
-105.13,38.07
6.68,45.22
6.68,45.22
-94.48,35.98
-116.82,34.12
-71.28,-40.05
-71.15,-41.08
-71.3,-39.08
-71.9,-41.25
-71.12,-39.12
-71.8,-41.12
-71.43,-40.12
-71.8,-41.1
-71.77,-41.83
-73.83,-42.5
-111.32,45.3
18.55,54.3
16.8,52.27
-89.67,46.03
-117.47,45.68
-145.67,60.6
-150.08,67.15
12.62,48.92
-108.35,38.67
-106.13,40.07
-105.2,39.68
-108.97,40.78
-107.22,38.53
-103.27,37.07
-107.32,38.53
110.08,34.48
171.8,-42.38
172.6,-41.27
176.12,-39.62
174.12,-39.32
-0.12,41.02
-123.47,48.53
100.33,38.17
-105.83,40.55
35.7,32.65
34.5,37
-117.52,51.25
-117.17,49.73
-121.68,48.87
36.2,35.57
36.03,34.23
16.08,60.13
18.48,62.33
-94,50.32
-91.13,49.12
-93.9,49.07
-91.17,48.72
-90.75,48.38
-95.35,49.2
-94.15,49.18
-92.05,16.4
-145.4,60.63
8.82,46.55
9.2,46.62
-82.72,29.02
-82.27,28.92
-72.86,44.45
-72.85,44.45
-93.47,58.53
-93.03,57.32
11.25,47.43
-120,34.74
-119.24,34.92
-121.78,37.4
-114.37,62.48
-114.3,62.47
22.75,55.08
23.43,54.82
123.3497998,66.76180044
-118.7833001,61.1
-65.36669986,-34
-113.3666999,48.51669986
-115.42,41.9
-118.33,37.87
-119.87,43.13
-112.67,37.65
-121.4,48.05
-110.13,44.37
-105.87,39.87
-120.9,41.45
-119.38,38.08
-78.6,45.4
-116.45,52
-71,-37.83
-71.25,-39.33
146,-42
-119.0166999,37.61669986
-105.9833001,36.61669986
-105.5666999,37.55
108.45,11.96669986
-0.683300141,40.35
-0.4,42.31669986
12.1,49.01669986
12.1,49.01669986
12.1,49.01669986
12.1,49.01669986
12.1,49.01669986
12.1,49.01669986
7.916699859,47.33330014
6.566699859,46.88330014
-132.3166999,56.43330014
90.68330014,27.7
90.96669986,27.41669986
89.75,27.91669986
-65.91669986,48.53330014
-103.8666999,64.03330014
101.9166999,31.78330014
100.0833001,29.28330014
100.2666999,30.23330014
88.01669986,43.8
-106.23,39.85
-106.98,39.72
111.2,-7.866699859
111.7166999,-7.5
94.58330014,49.5
90.83330014,54.2
101.9,72.45
103.2666999,70.36669986
-112.7333001,47.91669986
-76.21669986,41.46669986
-84,36.2
-110.6666999,39.81669986
-109.8,37.93330014
-108.7166999,44.18330014
72.58330014,40.16669986
12.1,49.01669986
12.1,49.01669986
12.15,48.53330014
12.8,48.81669986
12.68330014,48.96669986
12.1,49.01669986
12.56669986,48.88330014
10.41669986,49.88330014
-149.3,64.16669986
-70.75,-38.63
-71.04359988,-39.54629954
-71.32070006,-39.09509958
-114.98,51.13
-128.2666999,62.03330014
-116.2166999,51.35
24.05,68.22
-84.31,34.46
42.75,41.58330014
174.7666999,-36.98330014
174.75,-36.85
174.7666999,-36.85
-73.8,40.96
20.03330014,49.25
25.46669986,47.45
84.61669986,50.41669986
20.1,67.9
-98.145,30.48
8.6,46.35
8.521400121,47.59939952
8.51,46.06
8.2,46.45
9.274200362,47.58280024
9.274200362,47.58280024
7.716699859,46.3
8.318599879,47.39029974
-91.25,35.55
-111.67,35.5
-147.6690002,64.9995001
-119.15,37.95
-120.5666999,42.03330014
97.78529974,37.44970026
110.08,34.46529974
-90.91669986,41.43330014
78.16669986,31.36669986
78.96029974,42.41389962
-91.08,37.14
-91.1,37.1
-92.2,38.75
-120.8833001,43.16669986
74.03330014,35.16669986
71.73330014,35.9
74.58330014,35.03330014
87.83330014,50.3
87.48330014,50.48330014
104.1,21.66669986
-92.875,45.6830004
-88.35,45.21669986
-88.43330014,45.35
-128.8443995,60.525
-133.4,59.6
-85.35,10.2
-139.3511004,59.54169986
-139.3502997,59.55920036
-136.4692004,59.55439952
-121.85,37.55
-116.2833001,50.58330014
-116.3333001,50.5
-116.1333001,51.05
-116.0833001,49.56669986
-61.75,57.5
-142.72,61.33
105.17,72.5
-114.0666999,49.06669986
-115.45,49.83330014
-118.0666999,52.91669986
-116.5166999,51.7
-122.75,55.93330014
97.75,37.25
31.2,29.8
9.066600282,51.15
7.233300141,50.65
7.216699859,50.68330014
6.316699859,50.65
6.316699859,50.65
6.466699859,50.58330014
6.416699859,50.91669986
8.016699859,51.1
8.116699859,51.43330014
20.08330014,49.23330014
20.08330014,49.23330014
20.03330014,49.23330014
20.01669986,49.15
-111.4277982,41.39090022
-111.3333001,40.14169986
-80.98330014,37.51669986
-110.5,44.7
8.83,46.54
7.833300141,46.45
7.66190002,46.94939952
6.866699859,47.1975005
7.15,46.2
9.870799638,46.5025005
6.924700262,46.78439952
7.216699859,46.15
7.214399517,46.48190002
7.19,46.17
7.749200362,46.73970026
8.558899618,47.25160028
-71.7,-40.88330014
-72.88330014,-49.38330014
-71.53330014,-40.68330014
-82.71669986,35.28330014
-79.78330014,38.61669986
-110.8166999,46.08330014
-110.8166999,46.08330014
112.2333001,33.73330014
14.7,48.66669986
-106.645,36.2819996
-125.19,51.63
-125.31,51.61
-133.4,68.26669986
-134.5833001,68.43330014
-133.6833001,68.58330014
10.47420036,46.17610038
10.66079964,46.25859988
10.60280024,46.23889962
-94.59,33.83
-110.5026997,43.63920036
-78.42,35.97
18.33,49.83
9.08,48.57
9.08,48.57
-104.73,55.63
-102.97,56.5
12,46
13,41.33
-117.55,33.73
-67.83,-54.68
-67.87,-54.65
-67.8,-54.5
-68.47,-54.78
77.23,31.2
77.23,31.2
-0.88,53.63
-121.65,45.32
-113.85,37.58
-122.17,42.97
-109.3,31.85
11.07,60.37
-117.17,49.78
-107.7,41.3
25.87,68.67
-123.43,47.97
-110.78,32.45
24.2,68
-7.25,52.65
-106.23,41.37
-122.2,46.17
-118.05,48.98
-123.28,47.85
-116.47,47.63
-121.63,48.13
-118.48,48.77
-115.9,47.53
-122.87,40.03
-123.57,42
-94.15,36.1
-90.9,48.22
-74.08,41.42
-79.7,39.83
-110.8,41.87
-81.82,36.07
-68.15,44.42
-68.15,44.42
-83.18,35.08
-89.3,46.2
-68.28,45.5
-78.75,45.17
-71.88,46.63
-78.52,39.83
-162.25,65.22
-162.18,65.08
-107.82,37
-108.35,35.03
-108.35,35.03
-110.85,37.02
-107.25,35.58
-106.63,35.7
-107.32,36.68
-111.53,35.38
-108.13,35.6
-109.35,36.1
-106.32,34.77
-110.53,36.68
-111.68,35.43
-88.98,37.53
-88.17,39.42
-93.88,42
-90.5,37.5
-91.13,42.7
-84.08,36.22
-91.25,43.18
31.38,62.93
-93.63,35.23
-120.17,48.58
-113.95,44.97
-118.17,37.4
-72.6,42.53
11.47,47.22
-2.13,40.3
-118.92,36.95
-123.05,47.98
-105.43,40.05
-108.23,33.38
-109.32,33.8
-105.13,40.53
-118.17,37.43
-105.8,40.42
-108.02,32.95
-105.58,39.63
-105.83,40.33
-109.33,32
-111.5,34.72
-118.22,37.37
-118.62,36.45
-110.55,32.2
-109.88,32.7
-109.92,32.7
-105.5,37.78
-78.6,45.42
-68.58,45.73
-110,40.78
-110.07,43.08
0.81570006,52.20459968
-1.5,53.5
-3.83,51
-70.7,-34.92
-122.97,39.67
-118.8,43.98
-119.08,37.28
-118.18,36.03
-71.17,-39.22
-71.37,-39.6
-120.57,41.15
-118.28,35.43
-122.68,39.43
150.27,69.12
75.92,34.25
-113.15,46.28
75.53,34.58
-94.17,34.25
-93.63,34.63
-76.55,56.17
-115.92,67.23
-140.72,61.9
100.2,50.77
105.17,72.5
-142.33,62.57
107.45,47.9
5.33,51.72
4.47,52.18
5.52,51.75
-145.47,60.52
-145.37,62.28
132.3,34.3
-64.33,-54.83
-159.62,67.07
-119.28,37.87
-118.75,36.57
-118.75,36.57
-118.82,36.55
-119.73,37.78
-119.58,37.83
18.73,69.53
-72.07,49.08
85.07,28.03
85.07,28.03
87.17,27.45
83.42,28.23
86.2,27.43
86.2,27.43
87.95,27.63
82.07,29.28
85.27,28.12
39.28,40.57
29,41
24.88,41.67
-87.25,31.02
-104.97,38.77
-70.85,-38.1
115.65,-32
146.55,-42.67
145.42,-41.78
-70.75,-38.63
148,-41.18
-91.9,43.4
18.7,59.2
-147.78,63.25
-163.67,64.92
-114.67,51.17
5.83,52.25
6.17,51.92
6.17,51.92
-103.68,44.48
-103.35,43.75
-103.68,44.33
-111.6,58.9
-111.3,58.6
-96.47,42.55
15.33,67.6
29,61.92
30.8,66.27
29.17,61.67
30.2,64.95
-70.85,42.77
-4.17,51.42
167.48,-45.25
171.7,-43.08
171.72,-43.08
171.58,-43.08
-106.3,35.87
-105.15,55.12
-126.35,50.22
-123.25,47.92
-122,42.83
-122,42.83
-120.65,48.73
-120.63,48.75
-120.63,48.75
-121,47.83
-121.83,44.67
-117.02,34.15
-121.33,48.67
-121.33,48.67
-1.22,52.82
0.37,47.23
-4.83,54.88
-77.3,38.63
41.98,40.55
-0.48,40.57
-2.95,37.82
9.28,52.18
9.03,52.32
137.25,65.8
-0.67,40.38
-89.05,50.3
9.68,46.8
165.42,66.22
-122.5,54.5
-105.37,40
32.68,34.98
7.18,46.13
59.55,60.57
-77.85,52.03
-82.9,52.02
15.92,38.17
80.18,68.25
18.63,43.75
15.5,63.5
153.97,61.17
153.97,61.17
84.5,69.12
72.87,65.38
84.98,50.65
31.03,64.53
103.52,70.27
103.52,70.27
23.88,60.67
7.4,47.03
7.4,47.03
7.82,46.43
-111.63,62.73
7.8,47.15
151.95,61.28
169,64.83
14.03,41.78
-145.25,61.33
71.67,66.22
-105.5,39.98
101.75,72.45
0.73,42.97
25.48,62.85
7.83,47.25
26.52,64.55
76.43,41.67
151.72,63.52
148.28,63.58
56.33,66.22
7.75,47.8
7.62,46.3
114.67,56.33
114.67,56.33
13.75,46.47
-67.12,55.28
7.48,47.02
129.35,62.22
65.75,66.83
-97.2,49.03
-97.17,49.33
-90.48,36.57
-89.05,37.27
-98.47,20.4
-108,28.33
-93.3,36.08
-93.22,35.97
-96.22,36.2
-108.4,30.4
-83.93,35.62
-99.18,30.88
-94.07,30.4
-89.13,32.87
-98.63,34.68
-83.42,35.6
-97.45,29.5
-105.8,32.8
-91.65,37.43
-93.3,35.68
-105.78,34.23
-115.8,39.1
-114.18,37.77
-114.58,41.05
-116.78,39.18
-103.72,41.65
-109.95,40.57
-106.73,42.52
-111,34.38
-106.33,40.92
-106.85,42.35
-108.25,30.13
-108.25,30.17
-112.03,35.75
-105.67,33
-108.5,30.33
-112.1,37.67
-105.7,32.98
-90.9,48.22
-70.45,45.17
-75.83,41.77
-106.62,35.8
-105.47,40.42
-105.37,36.33
-105.28,38.3
-104.95,38.95
-126.7,65.35
-127.48,64.97
-136.28,66.72
-138.32,64.52
5.25,44.17
-114.12,39.27
36.22,35.6
-71.8,-41.15
-71.8,-41.15
-64.53,-22.73
-71.27,-39.28
-71.57,-43.02
-71.22,-42.97
-65.32,-23.92
-65.85,-27.13
-64.58,-24.6
24.47,55.85
25.22,55.67
16,53.5
22.38,54.35
23.65,52.7
16.15,54.1
14.5,53.95
-117.97,45.77
-149.58,60.2
-151.15,59.62
-139.3109998,59.645
-150.58,60.08
11.98,48.97
12.58,48.92
-111.88,36.13
-105.52,40.67
-103.98,36.8
-105.58,40.37
-105.18,40.8
-105.52,40.02
-106.43,38.4
-106.85,40.75
-104.43,39.07
-110.78,32.45
175.43,-39.23
177.2,-38.68
-123.97,46.45
-83.23,35.75
-83.5,35.67
-0.12,40.02
9.4,46.58
8.85,46.98
-121.45,50.7
-116.65,49.62
-117.3,49.97
-117.08,50.23
-119.23,49.17
-118.57,50.57
-120.97,50.2
-118.13,51.17
-117.15,49.43
-154.33,60.48
-154.02,60.65
-104.7,44.58
-121.83,44.13
-121.83,44.18
14.65,57.85
12.42,63.25
16.53,63.98
-93.83,58.62
-93.83,58.62
-93.8,58.62
-111.57,35.23
-93.88,50.38
-95.35,49.2
-93.67,49.68
-94.15,49.18
175.13,-36.2
174.5,-36.82
-81.05,38.05
-118.18,37.52
-118.67,35.91
-122.38,40.25
-122.03,40.09
-97.87,33.45
-118.89,36.55
-119.75,37.09
-122.45,40.28
-82.08,28.3
-114.42,62.42
24.48,55.1
5.465999799,35.0830004
123.0049004,66.21040032
161.3833001,68.75
161.4333001,69.2
-110.6,60.55
-65.52,-33.73
-92.97,32.25
-90.48,36.57
-113.3666999,46.01669986
-114.82,40.55
-79.87,33.8
-110.1666999,39.83330014
-124,48
-105.58,39.63
-105.47,37.72
-105.55,40.32
-106.98,39.72
-116.3980004,52.0480004
-116.2166999,51.35
-117.0833001,52.15
19.6,68.25
145.87,-42.27
177.2,-38.68
175.5,-39.5
172,-42
-107.85,37.21669986
-0.5,41.81669986
-5.933300141,54.21669986
12.03330014,48.93330014
12.1,49.01669986
12.1,49.01669986
12.68330014,48.96669986
6.15,48
14,42
72.58330014,40.16669986
74.93330014,35.9
19.05,49.58330014
-110.4333001,43.61669986
8.1,46.6
7.183300141,46.15
9.483300141,47.2
-146.9833001,61.08330014
-162.3,67.91669986
91.2,27.18330014
89.75,27.98330014
-62.3,57.15
-61.91669986,56.51669986
90.21669986,43.6
-106.8666999,39.65
-108.5,37.2
-106.52,39.95
111.3666999,-7.116699859
115.3833001,-6.866699859
101.8833001,16.9
94.88330014,49.38330014
100.95,46.51669986
160.1666999,55.81669986
-113.3666999,48.48330014
-110.1666999,39.83330014
-110.3330004,39.6
-108.8666999,42.45
74.03330014,36.33330014
74.98330014,35.73330014
6.216699859,47.06669986
8.816699859,46.45
12.56669986,48.88330014
12.4,48.85
12.1,49.01669986
12.56669986,48.88330014
12.56669986,48.88330014
12.1,49.01669986
-146,60.5
-135.5709998,58.3430004
-148.35,60.46669986
-146.9666999,64.48330014
-71.24909978,-39.15230034
147.88,-41.15
-114.1,49.9
-128.3,62
-114.4,49.9
-83.96669986,30.85579964
42.51669986,41.61669986
174.7333001,-36.83330014
174.7666999,-36.85
-73.64,43.7
-73.98,42.19
-73.92,43.43
-73.99,42.82
8.99309998,46.15
8.5,46.07
7.162800241,46.94970026
9.274200362,47.58280024
9.274200362,47.58280024
7.716699859,46.2
9.783300141,46.43330014
147.6662995,64.99970026
-123.8040002,39.3769996
99.29,27.59
99.02,28.04
-120.2833001,39.56669986
98.65939952,37.03809998
130.45,30.33330014
79.0490002,42.20579964
-91.2,37.2
-91.04,37.16
-91.04,37.18
-91.2,37.01
-91.12,37.07
71.73330014,35.9
74.5,35.53330014
74.75,35.5
65.58330014,66.81669986
-103.39,43.8019996
-129.4935999,59.31529974
-127.4666999,54.7
-139.2893995,59.5525005
-139.2919,59.53529974
-134.6833001,60.56669986
-127.2833001,54.81669986
-115.5833001,49.71669986
-61.5,56.92
107.5,47.78
90.83330014,54.2
-115.2,50.95
-119.4833001,53.16669986
-114.0333001,49
-121.5166999,53.75
-71.6,-38.63330014
-71.31669986,-37.46669986
-71.6,-38.61669986
-71.33330014,-38.46669986
8.9,51.15
7.033300141,50.66669986
6.45,50.6
6.483300141,50.6
8.1,50.71669986
6.8,51.03330014
6.833300141,50.78330014
7.716699859,50.96669986
8.133300141,51.43330014
7.566699859,50.78330014
8.583300141,51.88330014
10.48330014,43.3
10.3,43.7
11.76669986,44.08330014
-96.7695001,46.88330014
19.03330014,49.51669986
98.68487829,52.39877188
-1.133300141,42.1
-87.52830014,44.30669986
8.83,46.54
7.436699859,46.26970026
9.9,46.52939952
6.924700262,46.78439952
7.76309998,46.83939952
9.183300141,46.45889962
-71.7,-40.88330014
-71.53330014,-40.68330014
-93.88330014,35.05
-94.05,35.01669986
-94.05,35
-121.8,39.25
-111.7666999,46.76669986
-87.25,39.03330014
-121.95,44.43330014
-80.46669986,37.28330014
-80.28330014,37.28330014
-80.8,37.28330014
-80.93330014,37.96669986
14.13,53.2230004
-126.89,52.28
-126.35,50.22
-129.12,54.47
-124.87,51.24
-125.24,51.48
-134.6666999,68.36669986
-133.85,68.46669986
10.56830014,46.08939952
14.35,41.88330014
-62,56.55
18.35,59.22
14.73,60.45
-7.6,54.33
-1.32,51.05
-79.37,35.15
-68.27,44.37
-68.28,44.42
10.58,49.48
8.5,48.02
-103.83,57.85
-104.53,55.22
9.82,46.77
9.5,47.75
9.5,47.75
-115.5,30.97
-103.62,19.58
-116.6,33.13
-67.42,-54.52
-65.2,-54.83
-67.92,-54.43
79.17,29.77
77.17,31.12
77.23,31.2
-109,35
-109.55,33.97
-114.72,43.87
-123.47,47.98
9.48,59.7
28.13,69.32
-110.13,44.37
-2.77,40.67
-2.63,39.38
-123.25,47.95
-117.7,46.22
-116.63,46.95
-121.05,48.73
-108.8,35.97
-107.07,36.98
-107.07,36.98
-107.32,36.68
-74.57,40.5
-86.1,37.18
-74.18,41.77
-74.18,41.77
-71.38,44.1
-79.33,38.33
-73.75,44.13
-81.27,41.55
111.83,-7.25
-162.15,65.08
-107.83,34.92
-110.5,36.17
-109.37,35.7
-105.57,35.53
-105.57,35.53
-110.65,34.05
-123.07,49.52
-123.03,49.53
171.8,-42.38
173,-43.83
146,-41.58
175.13,-37.07
176,-40.08
177.2,-38.68
175.7,-38.57
175.53,-37.03
-90.72,38.6
-91.57,42.62
-93.68,41.68
-91.5,41.9
-89,41.3
-94.1,42.42
-121.33,47.37
-121.88,46.8
31.3,62.98
31.43,63.02
30.7,62.88
-92.1,35.95
-109.08,44.58
-112.77,44.65
-110.72,45
-116.7,33.68
-147.75,60.43
-105.15,40.53
-95.23,47.18
-95.23,47.18
-105.18,40.8
11.02,46.85
11.02,46.85
-120.55,47.35
-123.23,47.6
-121.42,46.62
-118.22,37.5
-118.22,36.45
-105.27,39.93
-110.42,34.38
-110.55,32.22
-105.28,40.17
-114.32,38.9
-111.67,35.5
-114.82,40.55
-0.17,51.52
-106.67,33.55
-112,37.62
-78.6,45.4
-113.9,35.08
-103.02,36.82
20.37,66.85
20.13,66.78
-152.7,58.05
-2,55
5.75,50.17
-118.88,36.72
-71.02,-37.87
-71.07,-37.8
-119.75,37.75
-120.35,39.32
-71.35,-38.33
12.1,46.63
74.3,35.08
148.13,70.5
-3.92,52.93
75.75,34.5
-93.28,32.55
-97.78,30.5
99.87,48.17
98.93,48.3
100.28,48.15
6.07,50.87
5.68,50.85
4.33,51.83
5.32,51.68
18.45,66.33
-134.9,58.67
-130,57.7
-121.17,46.33
-139.37,59.6
-139.27,61.47
-71.75,-41.25
-119.37,37.88
-118.78,36.57
-118.8,36.62
-119.77,37.75
-118.82,36.55
-118.75,36.57
-121.77,37.63
-119.03,37.73
31.25,58.58
84.18,28.3
87.17,27.45
87.13,27.38
31.38,39.93
42.58,40.33
31.8,38.03
-71.03,-31.97
14.28,45.77
-145.33,65.5
-82.15,39.45
6.8,44.63
-120.6,40.15
-120.9,41.45
-97.67,48.83
-103.37,43.93
-103.48,46.92
29.32,63.22
29.02,61.9
28.87,61.97
27.25,68.83
28.9,61.85
28.82,61.87
29.52,63.18
28.9,61.85
29.3,66.37
28.38,61.6
-71,42.42
-71.07,42.37
-71.17,42.25
-70.85,42.68
-0.17,51.42
27.67,-18.33
171.62,-43.1
171.7,-43.08
-134.68,60.1
-117.62,45.15
-84.48,31.22
-120.65,48.72
-120.63,48.68
-123.42,48
-121,47.83
-123.48,47.85
-121.75,46.83
-121.75,46.83
-121.75,46.83
-1.93,40.27
-3.98,40.8
-0.68,40.3
-2.87,41.98
-106.28,37.38
15.55,50.75
-106.83,37.8
-0.75,42.98
118.58,71.7
97.53,69.53
105,53.6
7.63,46.33
7.63,46.33
138.17,70.25
-120.67,53.33
1.5,42.53
-95.83,51.62
141.35,63.62
24.67,45.55
32.68,34.98
51.95,66.88
7.08,47.12
6.57,44.27
7.18,46.13
-3.35,56.63330014
-61.57,54.2
-105.27,57.7
-122.83,58.33
19.92,49.25
15,56.5
8.02,46.65
-91.45,50.4
7.35,46.98
7.68,48.08
86.08,27.75
13.63,47.03
69.83,67.2
117.25,56.5
25.48,63.1
112.82,69.77
112.82,69.77
-71.5,57.22
-67.72,56.23
7.4,47.03
-3.5,56.98
169,64.83
145.3,65.88
9.02,45.93
-149.5,60.5
71.67,66.13
50.63,65.6
132.98,70.95
21.18,41.02
7.18,46.12
65.63,66.87
65.63,66.87
65.63,66.87
111.03,71.9
111.03,71.9
8.02,46.4
7.43,47.15
109.5,55.25
-5.62,57.5
20.58,69.25
15.45,67.07
11.28,47.13
8.87,46.43
19.92,49.25
137.47,67.62
7.18,46.12
118.83,56.83
58.8,62.6
87.65,50.48
8.35,48.03
-67.12,55.28
7.48,47.02
32.58,35.08
142.62,67.45
158.8,55.9
82.33,66.6
58.83,54.5
-122.07,42.78
-121.65,43.73
-121.3,43.62
-97.17,49.33
-97.17,49.87
-120.27,35.3
26.68,-18.67
-91.75,34.63
-78.22,34.32
-92,37.67
-120.42,37.72
-97.48,32.85
-96.98,32.42
-85.43,35.62
-109.05,28.33
-94.73,36.68
-94,35.83
-88.02,30.58
-99.7,20.17
-82.38,35.67
-92.87,35.93
37.05,-0.58
-96.13,31.93
-95.95,37.78
-5.07,33.02
-105.78,34.23
-108.92,33.9
-95.7,48.32
-5.6,32.38
-103.3,29.25
-105.63,39.68
-105.6,23.33
-109.13,33.95
-110.28,36.2
-113.08,35.95
-112.92,36.53
-112.1,36.63
-113.73,36.75
-106.55,32.35
-108.25,30.17
-106.87,38.68
-111.5,35.18
16.25,48.12
-106.62,35.78
-105.43,36.7
-105.47,36.73
-126.7,65.35
-127.57,64.98
-138.32,64.52
5.5,43.4
35.68,33.68
-65.38,-26.08
-71.93,-41.17
-70.75,-41.18
-71.78,-41.17
-70.98,-41.05
22.42,55.97
-150.83,59.37
-150,63.1
-141.1,68.1
-149.13,67.15
-148.13,63.08
12.65,49.18
12.38,49.2
-105.28,40.42
-104.22,39.5
-103.93,41.52
-105.3,39.93
-105.58,40.03
-106.33,40.92
-108.3,40.05
-106.23,38.8
-106.73,39.7
-103.27,37.07
-108.92,38.02
-85.85,44.93
-85.85,44.93
174.08,-39.25
174.1,-39.28
-124.02,46.9
-0.12,41.02
-123.47,48.53
81.5,29.05
16.55,56.77
-117.05,49.03
32.87,34.93
-121.27,44.57
13.97,64.45
-91.7,48.88
-91.22,48.65
-87.9,46.87
175.55,-36.9
173.75,-35.18
173.73,-35.27
173.28,-35.37
9.07,47.03
174.92,-37.92
-91.25,33.2
-72.8469996,44.45
-93.22,57.95
175.43,-36.2
11.25,47.43
-96.63,17.17
-120.26,35.69
-122.27,38.67
-93.58,40.08
-114.35,62.57
-96.9,16.6
22.82,55.83
-147.05,61.12
-146.98,61.05
-106.6833001,35.91669986
5.016699859,32.46669986
4.1,36.45
8.433300141,36.23330014
-121.2666999,61.43330014
-120.8,61.35
-77.1,37.78330014
-114.45,44.6
-114.97,43.97
-114.97,43.97
-116.95,38.78
-114.32,38.9
-121.07,43.97
-111.07,39.42
-120.5,48.47
-108.8666999,42.45
-106.08,39.32
-105.67,40.4
-106.8666999,39.65
-106.23,39.85
-120.75,41.77
-122.52,41.33
-118.62,36.45
-122.87,40.03
-119.22,37.83
-120.2,39.55
-118.68,37.75
-114.67,51.17
-116.5,51.68330014
7.8,46.4
25.3,47
-71.5,-39
148.33,-36.42
175.48,-39.35
-105.25,39.8
12.56669986,48.88330014
12.1,49.01669986
12.1,49.01669986
12.56669986,48.88330014
8.683300141,47.48330014
8.683300141,47.48330014
8.483300141,46.06669986
7.933300141,47.26669986
-131.6,55.33330014
-134.5666999,58.43330014
90.65,27.58330014
90.65,27.58330014
90.15,27.45
-65.9,48.5
-127.8333001,69.5
88.11669986,43.88330014
99.75,28.9
100,30
99.3,27.33330014
90.1,43.6
102.8,18.16669986
99.43330014,14.98330014
143.8333001,44.01669986
158.8,55.9
-113.3833001,46.01669986
-109.65,44.93330014
-109.7666999,42.96669986
75,36
75.5,35.16669986
9.883300141,46.48330014
12.56669986,48.88330014
12.56669986,48.88330014
12.1,49.01669986
-70.8,-39.4
146.1,-42.2
-1.383300141,51.06669986
-114,49.7
-115.3166999,50.75
-138.5,61.03330014
-84.3,34.76
-84.3,34.76
-85.19889962,32.25060048
-82.625,35.5
-83.26,35.03
10.38330014,42.75
106.1781996,50.08370046
174.7833001,-36.85
174.7666999,-36.85
-74.31,42.04
-74.31,42.04
-74.18,41.77
-74.18,41.77
-73.92,43.43
-73.92,43.43
-74.34,42.74
-78.01669986,40.83330014
20.06669986,49.25
19.8,68.2
8.99309998,46.15
8.1,46.38330014
8.398599879,47.3925005
8.616400121,47.51529974
7.431699859,47.29309998
8.2,46.46
9.274200362,47.58280024
6.291400121,46.23110038
6.26690002,46.23579964
6.26690002,46.23579964
9.466699859,46.85
9.783300141,46.43330014
-135.8666999,58.61669986
-85.7,33.81669986
94.66669986,29.61669986
98.05640012,37.43780024
0.15,42.85
142.1166999,44.95
138.2166999,35.73330014
130.5333001,30.36669986
-83.6830004,37.8830004
71.5,39.83330014
79.45,42.15
-91.14,37.15
-121.05,43.95
-71.25,43.61669986
74.78330014,35.45
71.53330014,35.03330014
73.53330014,35.65
-87.98330014,36.48330014
-129.4897003,59.32389962
-134.1783001,60.27359988
-129.8393995,59.31939952
-127.2666999,54.76669986
-135.165,60.64920036
-119.82,37.77
-121,40
-115.2166999,50.2
-142.08,61.15
98.93,48.3
-61,56
-61.91669986,56.51669986
101.9,72.45
-117.0331,49.68470026
-115.1666999,50.93330014
-116,51.21669986
-117.2333001,52.21669986
-123.0333001,55.43330014
-119.1166999,53.15
-115.5693995,51.14169986
-71.6,-38.61669986
98.35,36.23330014
7.466699859,44.08330014
8.95,51.16669986
8.966699859,51.16669986
9,51.18330014
9.083300141,51.15
7.233300141,50.66669986
6.35,50.56669986
11.75,44.08330014
-97.2259998,48.96669986
-97.03769966,47.93110038
-4.9,33.1
20.01669986,49.15
-111.4166999,40.25
-111.5833001,40.56669986
6.55,46.86669986
7.816699859,46.43330014
7.774399517,46.96079964
7.330799638,47.41560048
7.727800241,46.80560048
7.15,46.2
6.924700262,46.78439952
7.033300141,46.26669986
9.787800241,46.44079964
8.881699859,46.185
8.766699859,46.5
8.755,47.6575005
7.887800241,47.27529974
7.887800241,47.27529974
7.483300141,47.1
8.739200362,47.51190002
-71.55,-40.71669986
-71.55,-40.71669986
-72.98330014,-49.33330014
-72.86669986,-50.58330014
-71.46669986,-40.81669986
-71.24,54.56
-94.88330014,34.75
-95.78330014,35.41669986
23.5,41.7
-116.79,48.37
-114.8666999,47.33330014
-114.6854999,46.85570006
-74.03330014,42.86669986
-75.6,43.55
69.16669986,63.55
-111.75,38.51669986
14.13,53.2230004
-108.8659998,36.0940002
-123.59,50.59
-125.43,51.27
-122.48,50.35
-129.59,56.2
-130.32,54.34
-121.69,49.16
-95.91669986,35.53330014
-134.3833001,68.61669986
-133.8666999,68.46669986
14.35,41.88330014
-153.9421998,60.30970026
-110.35,31.45
-3.5,55.33
-6.27,54.73
-78.12,34.47
7.77,47.82
9.08,48.57
11.5,46.65
20,49.23
6,46.75
-115.93,31.9
-68.57,-54.05
-67.87,-54.65
-71.55,-42.15
13,47.67
-125.23,49.15
-121.52,40.45
-107.05,44.15
8.47,61.72
-7.12,52.27
-7.12,52.27
-120.28,47.2
-123.47,47.97
-123.47,47.98
-121.8,48.9
-120.73,48.48
-117.55,48.83
-120.93,46.67
-5.48,32.48
-4.07,33.75
-82.87,34.7
-70.77,44.77
-70.32,45.03
-73.78,44.13
-86.62,46.32
-88.88,45.1
-83.43,35.6
-84.4,39.9
-89.72,43.42
-71.4,44.22
-68.9,45.92
145.53,-41.85
-73.22,41.97
-73.8,43.55
-89.97,46.72
-76.3,41.37
-87.45,34.33
-73.9,44.33
-162.18,65.12
-162.15,65.1
-162.2,65.2
-162.22,65.18
-109.38,36.1
-110.5,36.17
-107.82,37
-106.52,36.35
-111.1,34.75
-109.9,37.53
-111.57,35.4
-107.68,35.23
-107.32,36.68
-112.07,35.82
-106.32,34.77
-109.35,36.22
-123.03,49.53
167.3,-45.53
175.48,-39.35
170.53,-45.83
-94.08,42.38
-90.2,37.72
-91.5,37.12
-91.97,40.72
-90.5,37.5
-84.88,35.7
-88.58,41.65
-121.72,48.33
-106.28,41.4
29.95,62.68
29.88,63.68
-93.58,35.18
-110.78,43.22
-115.18,51.07
-119.58,49.6
-105.28,40.42
-105.28,39.93
-105.2,40.57
-120.55,50.75
-120.55,50.75
-118.55,36.45
-123.58,47.6
-121.5,46.85
-94.08,47.77
-120.8,47.5
-120.92,40.22
-121.7,47.02
-120.6,48
-121.37,48.63
-108.62,34.22
-104.98,38.77
-115.7,36.27
-110.55,32.2
-109.48,33.47
-118.37,36.77
-108.27,33.22
-110.62,34.07
-110.68,32.38
-114.23,38.93
-115.43,39.08
-105.13,39.45
-112.67,37.65
-109.82,32.65
-109.27,31.93
-109.33,32
-111.83,35.5
-115.7,36.32
-111.52,35.17
-111.07,39.42
-106.08,39.32
-1.17,51.72
-109.87,32.7
-109.93,32.7
-106.75,33.25
-111.88,37.42
-78.78,45.5
-109.9,40.67
-120.9,48.73
-77.23,38.98
-77.23,38.98
-73.17,-37.68
-116.8,42.52
-70.6,-37.07
-71.05,-38.98
-70.62,-38.88
-70.77,-38.92
-120.05,38.13
-71.57,-38.38
12.1,46.63
147,69.5
-94.07,58.72
-126.68,65.33
-142.08,61.15
-143.05,62.37
-143.72,68.63
103.23,48.98
110.55,48.57
4.98,52.28
5.97,51.7
4.37,52.07
-135.77,59.35
-144.67,61.67
-137.72,60.92
-135.38,57.13
-118.8,36.57
-119.77,37.77
-119.87,37.8
-118.33,37.87
-119.58,37.83
-111.32,45.3
-111.32,45.3
17.22,69.08
-84.75,44.67
-71.02,48.88
-71.07,42.3
86.42,27.17
83.42,28.23
87.9,27.48
24.88,41.67
-123.07,49.52
147.27,-43.42
146.27,-42.67
146.1,-42.2
-105.58,39.63
-91.57,42.62
-95.92,41.88
-112.35,59.98
16.63,58.9
-78.45,38.77
-150.05,67.35
-150.1,67.38
-145.93,65.37
-145.93,65.37
-148.67,63.9
-89.45,37.63
-106.33,53.95
5.93,51.25
4.32,51.45
4.32,51.45
-82.15,39.45
6.78,44.63
-111.5,58.37
-103.47,46.6
-101.12,43.6
-101.02,47.15
-103.3,43.95
-119.37,34.65
25.63,69.42
28.82,61.87
29.08,61.67
-71.07,42.3
171.7,-43.08
-118.85,49.87
-114.45,44.6
-123.52,47.83
-120.65,48.73
-123.75,47.9
-121,47.83
-121,47.83
-121.5,46.17
-117.1,34.17
-117.07,34.17
-116.73,34.17
-116.75,33.97
-121.67,43.83
-121.67,43.83
-77.32,39.03
-7.43,54.7
-2.32,51.37
-6.2,55.1
-77.2,38.97
-2.93,37.83
-1.98,40.33
-1.98,40
-1.9,40.43
-5.13,40.33
-108.53,35.43
-73.83,-42.5
-106.68,37.63
7.15,50.92
9.2,51.92
10.57,51.72
-117.25,52.25
155.03,62.13
7.63,46.33
-115.27,60.28
19.93,42.63
-68.17,50.17
32.68,34.98
163.05,68.8
6.57,44.27
9.2,42.07
12.4,59.47
8.03,46.6
-96.38,53.5
85.23,50.87
154,59.78
88.92,67.97
-74.45,50.02
-71.5,57.22
-67.72,56.23
16.03,68.48
7.8,47.15
-3.5,56.98
18.98,63.35
7.83,46.3
95.15,61.93
7.33,43.88
7.33,43.88
22.42,40.08
24.1,68.03
69.68,65.3
8.48,47.03
7.83,47.25
56.33,66.22
56.33,66.22
82.33,66.67
7.4,46.52
7.75,47.78
7.75,47.8
32.32,63.38
-124.67,58.67
7.68,46.87
19.67,68.23
148.05,70.28
136.57,61.15
17.58,44.3
43.55,63.43
7.48,47.02
60.17,53.17
66.42,66.5
-121.6,43.72
-97.22,49.87
-97.05,49.98
-97.32,49.07
-91.22,34.95
-103.93,36.78
-122.82,39.02
-107.62,27.7
-96.2,31.45
-80.42,33.18
-83.92,35.35
-92.03,35.93
-96.97,29.3
-82.93,30.33
-92.9,35.9
-94.65,34.3
-121.95,37.87
-98.55,35.85
-89.37,36.42
-94.17,36.05
-119.67,37.03
-111.5,58.37
-94.08,47.77
-5.25,32.42
-117.23,38.68
-114.22,40.4
-109.02,33.85
-113.13,36.47
16.25,48.12
-108.5,33.25
-136.28,66.72
-127.57,64.98
5.62,44.37
-71.8,-41.15
-71.8,-41.15
-71.63,-41.27
-71.4,-40.65
-71.8,-41.12
-100.48,25.27
21.12,55.55
26.03,55.43
22.48,55.07
-118.2,45.47
-117.8,45.83
-141.68,60
-143.97,60.25
-152.07,67.13
-149.13,67.15
12.55,49.03
12.82,49.05
-108.2,39.83
-106.23,39.85
-106.02,38.85
-105.27,39.55
-106.23,38.8
-104.2,39.38
-106.07,40.03
-85.85,44.93
176.1,-39.63
175.43,-39.23
-83.23,35.75
-83.5,35.67
24.12,55.7
-105.83,40.55
35.82,32.23
28.85,39.27
30.52,37.08
29.08,39.33
36.23,34.47
-121.42,45.5
9.78,46.63
12.5,63.25
17.92,59.13
19,64.53
-93.1,50.43
175.87,-37.6
175.03,-37.22
-72.8,42.17
-96.03,35.63
175.13,-37.07
-72.8469996,44.45
-110.4,44.6
175.03,-36.22
173.57,-35.65
-85.57,35.43
-114.32,38.92
-122.61,39.84
-120.88,36.49
23.45,54.4
23.5,54.68
-139.2,59.62
-106.52,36.35
-106.6166003,36.28330014
-106.67,35.88
123.9168004,66.27579964
3.116699859,34.6
161.4166999,68.75
160.2,68.53330014
-116.95,61.7
-119.05,60.03330014
-79.36669986,35.15
9,47
-118.43,41.3
-121.6,43.72
-103.6,43.9
-110.1666999,39.83330014
-110.3330004,39.6
-108.8166999,42.55
-105.58,40.03
-108.15,39
-118.6,36.45
-118.22,36.45
-118.35,36.77
-123.03,49.53
-72.32,-40.62
-71.8,-41.13
-71.8,-41.13
-72.27,-41.17
170.28,-43.23
-106.0166999,36.53330014
-106.3833001,37.81669986
-0.7,40.35
-6.65,54.35
12.1,49.01669986
12.1,49.01669986
12.1,49.01669986
12.56669986,48.88330014
74.58330014,36.03330014
74.58330014,36.03330014
8.683300141,47.48330014
8.3,47.46669986
8.1,46.38330014
7.166699859,47.46669986
7.766699859,48
-118.1666999,37.45
89.38330014,27.25
89.38330014,27.25
-61.31669986,55.41669986
-127.8333001,69.5
88.15,43.93330014
82.68330014,43.08330014
93.38330014,43.83330014
121.3833001,24.53330014
100.8166999,16.6
88.36669986,48.6
90.98330014,49
88.86669986,48.26669986
100.1166999,46.81669986
91.43330014,49.86669986
97.4,48.25
159.1166999,55.13330014
-110.5333001,46.26669986
-87.23330014,44.91669986
-110.1666999,39.83330014
-108.8166999,42.55
-109.6333001,42.85
72.58330014,40.16669986
12.1,49.01669986
12.1,49.01669986
12.66669986,48.91669986
12.1,49.01669986
12.56669986,48.88330014
15.73330014,68.6
-132,56
-144.8,63.81669986
-71.06909978,-37.86509958
-71.08029974,-38.82570006
-71.28959968,-39.3075005
147.9,-41.3
-116.3880004,52.0719996
-114.6,49.6
-114.2,49.9
-114.7,51.3
-128.2666999,62.03330014
-119.62,56.63
-114.0833001,49.96669986
-115.62,54.75
-116.5,51.68330014
24.3,67.56
-84.3,34.76
-116.1,43.75
-73.505,42.0869996
-5.066699859,32.96669986
173.9166999,-35.86669986
174.7833001,-36.98330014
-74.47,41.12
-74.5,40.5
-72.62439952,42.79230034
19.8,68.2
24.51669986,48.15
8.796699859,46.12140012
7.35,47
9.433300141,46.83330014
-110.78,32.45
-147.6526997,64.99619996
98.98,28.04
91.96669986,29.3
93.95,29.06669986
-120.6333001,40.1
97.235,37.47060048
97.22889962,37.46809998
95.72060048,32.66
145.4666999,43.21669986
130.5,30.33330014
72.61669986,40.16669986
-92.98555522,31.46694428
-87.86669986,46.86669986
-92.305,38.835
-91.27,37.25
-91.14,37.17
-91.08,37.14
-91.18,37
-91.18,37
-120.4666999,43.7
74.8,35.33330014
71.63330014,35.68330014
74.11669986,35.4
74.18330014,36.15
70,67.5
85.23330014,50.86669986
87.83330014,50.16669986
-103.3980004,43.745
7,47.2
6.8,47.05
-92.36,45.85
-136.9611004,60.12669986
-116.2166999,51.35
-130.6666999,60.1
-134.3581,60.11219976
-121,40
-121,40
100.28,48.15
143.8333001,44.01669986
-114.6333001,49.78330014
-116.5,51.71669986
-118.0542004,52.68889962
-114.9833001,50.6
-118.1666999,52.96669986
-71.23330014,-37.56669986
2.416699859,42.48330014
8.966699859,51.16669986
9.083300141,51.15
6.866699859,50.11669986
7.233300141,50.66669986
6.45,50.6
6.416699859,50.91669986
7.883300141,51.9
6.783300141,51.3
8.116699859,51.43330014
7.516699859,50.78330014
10.48330014,43.3
-96.59570006,46.2819996
24.06669986,45.61669986
22.76669986,45.35
19.6,48.86669986
-110.3833001,44.56669986
-110.7,44.98330014
-110.4333001,44.8
6.658599879,46.585
8.863899618,45.98330014
7.033300141,46.26669986
9.783300141,46.46669986
7.749200362,46.73970026
7.886400121,47.26309998
8.755,47.6575005
7.56190002,46.32169986
8.591400121,47.35079964
7.959700262,47.2975005
-70.39,54.46
-93.88330014,35
-84.65,34.88330014
-72.36669986,42.35
-114.25,46.81669986
145.5166999,-42.15
-68.99490042,46.39429994
-108.3478002,37.27389962
119.45,28.6
14.7,48.66669986
13.0330004,53.4169996
-125.53,49.48
-125.23,49.31
-126.36,52.58
-125.24,51.48
-130.04,56.26
-126.9,52.28
-125.12,51.61
-124.89,51.52
-123.69,50.61
-129.59,56.2
99.75280024,52.81889962
-133.8666999,68.51669986
-134.1,68.58330014
-111.6630004,41.7590002
-110.6711004,43.30420036
146.42,-41.48
-154.0987005,59.79529974
32.5,37.5
-3.43,55.27
-81.53,36.38
18.33,49.83
9.4,49.88
-106.88,57.55
-104.68,55.55
-106.13,57.42
6,47
9.5,47.75
9.5,47.75
10.72,44.12
-116.42,32.87
-66.92,-54.9
77.27,31.18
-107.58,38.67
-122.72,42.07
-121.68,45.33
-122.15,46.15
-107.5,35.25
-120.27,39.1
-110.05,43.72
-123.08,49.42
-122.8,38.02
-120.6,45.98
-120.43,47.65
-117.17,46.85
-121.98,45.97
-118.8,45.32
-61.5,56.92
-5.03,33.45
-5.1,35.12
-107.32,36.68
-81.75,40.88
-77.72,41.33
-79.37,38.85
-83,37.08
-74.18,41.77
-79.8,37.92
-86.7,41.05
-84.87,46.47
-75.88,41.87
-73.88,44.33
-68.17,44.58
142.55,43.77
-108.52,37.17
-107.63,35.9
-111.65,35.57
-111.83,35.5
-110.02,37.62
-104,63.83
175.48,-39.35
173.67,-41.12
-91.27,37.27
-88,41.22
-94.07,41.28
-83.92,35.6
-123.03,47.83
30.63,63.1
-89.43,37.53
-112.8,44.55
-115.52,51.2
-111.27,45.42
-115.55,51.17
-0.33,40.67
-95.25,47.2
-63.25,55.33
-111.45,58.78
-120.55,50.75
-105.13,39.45
-72.98,42.63
-120.55,50.75
-103.9,43.47
-90.92,48.12
11.02,46.85
-118.62,36.97
-91.62,47.28
-110.55,32.22
-110.55,32.22
-118.35,36.77
-105.67,40.37
-111.52,35.17
-108.1,34.97
-112.25,37.47
-78.72,45.05
-109.98,32.7
-108.55,37.58
-109.82,32.62
-109.75,33.3
-109.37,33.38
-109.25,38.5
-2,53.75
-1.5,53.5
-120.6,40.15
-120.7,41.62
-71.5,-37.35
-71.43,-42.95
-118.43,35.53
12.1,46.63
146.45,70.05
144.27,70.47
148.15,70.53
75.55,34.58
-154.05,67.45
91.57,49.92
4.67,51.8
6.57,53.22
5.68,50.85
-152.32,57.6
-118.75,36.57
-118.68,37.75
-119.28,37.92
-119.87,37.8
-100.73,45.28
-111.33,45.3
-119.73,37.78
-121.77,37.63
-118.7,36.6
-72.1,49.07
86.05,27.45
85.15,27.45
87.88,27.5
45.17,42
39.28,40.57
27.13,39.8
28.38,37.23
-114.22,38.95
146.07,-42.77
147.27,-43.42
146.7,-41.75
-105.38,36.55
-70.25,-33.78
-95.42,43
14.9,57.9
18.7,59.2
18.3,59.28
-79.07,37.55
-71.23,-40.33
-146.62,65.37
-106.33,53.95
125.87,70.67
5.62,52.27
5.92,52.23
6.83,44.63
-103.6,43.78
-111.45,58.78
-103.38,43.75
-103.13,45.35
-103.6,43.9
-111.3,58.87
28.98,61.93
29.3,61.8
-70.98,42.38
-71.58,42.62
-70.9,42.52
-106.82,29.52
171.75,-43.25
167.68,-45.3
171.78,-43.12
171.7,-43.08
171.68,-43.05
171.63,-43.05
167.65,-45.2
-109.73,33.3
-84.48,31.22
-120.65,48.73
-120.65,48.72
-120.65,48.68
-121.5,46.17
-121.5,46.17
-117.28,34.27
-117.12,34.17
-116.97,34.1
-122.17,43
32.52,36.45
2.68,48.45
-8.67,52.83
-1.12,51.8
-121.67,50.25
-121.67,50.25
32.52,36.45
-2.93,37.97
-2.9,42.02
-71.5,-45
-72.17,-53.2
7.13,51.02
137.25,65.8
17.98,66.07
-89.05,50.3
-3.32,56.95
7.53,47.25
154.58,62.13
7.18,46.12
85.63,51
-100.43,60.03
-93.48,58.67
12.07,46.53
-149.58,63.67
-139.67,61.67
14.33,62.07
-129.92,58.33
-96.38,53.5
27.6,65.62
53.57,64.25
137.75,62.47
104.25,70.6
104.25,70.6
57.12,60.38
57.12,60.38
159.95,63.67
-71.48,50.03
-5.33,57.52
22.28,37.63
2.4,42.47
7.83,46.3
59.33,61.27
11.67,43.87
-58.67,53.48
32.8,68.77
17.73,68.48
-77.57,54.58
-141.33,62.83
23.67,45.3
127.43,71.22
14.07,56.15
9.08,46.73
0.62,42.77
7.33,47.17
69.52,65.35
7.18,46.13
15,44.83
25.47,47.45
106.88,53.18
132.93,64.93
153.7,67.25
7.78,46.33
44.42,62.17
23.38,41.77
-87.33,53.07
-105.37,40
93.4,61.85
-119.13,62.17
-77.67,53.23
1.5,42.5
60.58,54.23
-121.53,42.92
-121.62,43.7
-97.2,49.07
-97.12,49.65
-97.33,49.28
-97.2,49.55
-94.45,34.72
-98.38,35.58
-97.78,29.48
-106.08,26.4
-97.18,28.83
-97.92,29.45
-123.07,39.82
-121.85,40.27
-92.75,37.97
-93.32,36.07
-83.92,35.35
-98.5,32.18
-91.82,38.17
-91.05,37.1
-85.43,35.62
-82.62,29.92
-121,37.05
-99.15,23.15
-93.97,34.37
-90.45,35.63
-82.95,29.73
-82.93,29.73
-97.08,29.25
-91.08,37.15
-94.52,47.35
-111,58.88
-91.97,48.08
-111.97,36.28
-112.07,36.33
-93.57,45
-107.7,38.57
-105.6,23.33
-108.33,38.67
-112.53,34.65
-112.35,34.38
-113.17,36.42
-102.62,28.97
-105.72,32.93
-105.42,40.22
5.73,43.32
-114.72,39.37
30.6,37.38
32.63,35.02
32.18,36.65
-1.5,53.37
-90.42,38.25
-71.13,-39.93
-71.13,-40.7
-71.43,-39.6
-65.85,-27.13
-71.27,-40.7
21.15,56.07
-108.72,44.18
18.55,53.08
15.57,51.87
-122.67,39.5
-149,63.12
-105.67,40.98
-103.95,36.77
-106.78,41.15
-108.15,39
-108.02,38.38
-106.3,37.47
-105.58,40.72
-105.27,38.33
-105.37,41.15
176.18,-39.63
-123.68,46.3
-123.95,46.63
-83.1,35.6
-83.25,35.75
-123.47,48.53
-95.97,37.5
-120.75,49.1
-121.72,50.98
34.55,37.27
32.9,34.92
32.9,34.92
28.78,39.23
36.02,35.78
34.47,37.2
-153.88,60.5
9.78,46.63
9.08,47.03
7.57,46.3
14.63,57.85
18,59.15
-93.8,58.62
-93.75,49.88
-93.78,49.7
-91.22,49.53
-91.08,48.67
174.57,-36.97
-71.83,43.8
-106.3,25.07
-115.53,40.23
-118.2,37.52
-122.44,39.21
-118.78,36.29
-98.08,32.83
-119.98,37.87
-120.52,36.34
-114.35,62.5
-113.43,62.5
-114.42,62.48
-146.98,61.05
-121.25,43.68330014
129.0843995,61.34009958
-111.6,60.91669986
-80.36669986,37.35
-105.43,36.7
-108.1,34.97
-114.22,40.4
-114.58,41.05
-114.23,38.93
-120.45,43.58
-108.7166999,44.18330014
-104.98,38.77
-108.23,39.02
-119.28,37.87
-133.33,68.27
-138.5,61.03330014
15,63.1
148,-42
-112.1333001,37.35
-0.7,40.38330014
-79.36669986,35.13330014
12.1,49.01669986
12.56669986,48.88330014
12.1,49.01669986
12.1,49.01669986
72.58330014,40.16669986
8.716699859,47.05
-146.35,61.06669986
-132.2833001,56.3
-149.1833001,64.73330014
90.73330014,27.66669986
89.51669986,27.46669986
89.75,27.95
86.3,43.78330014
99.03330014,28.36669986
87.91669986,43.76669986
120.7166999,16.78330014
88.8,48.7
101.3166999,46.31669986
158.8,56
145.6,43.88330014
-100.1166999,20.35
-74.28330014,42.58330014
74.03330014,36.33330014
75.08330014,36.58330014
75.5,35.16669986
12.56669986,48.88330014
12.56669986,48.88330014
12.56669986,48.88330014
12.56669986,48.88330014
12.56669986,48.88330014
-147,64
-150,67.5
-162.25,65.16
-142,62
-152,67
-71.17,-39.22
148,-41.2
145.5,-41.4
-1.5,51.86669986
-1.216699859,51.7
-114.2,49.9
-114.2,50
24.05,68.22
-84.23,34.57
43.5,41.71669986
43.45,41.8
-72.94,42.64
107.5726997,49.41
106.3735003,50.15140012
174.7333001,-36.81669986
174.7333001,-36.85
174.7666999,-41.28330014
-73.39,43.09
-74.02,42.98
-74.17,41.77
-72.61289982,42.93660028
-72.66660028,42.7754999
102,72
20.06669986,49.15
19.6,48.93330014
20.1,67.9
8.99309998,46.15
8.99309998,46.15
7.455600483,47.27
8.398599879,47.3925005
8.521400121,47.59939952
8.493300141,47.34830014
7.716699859,46.3
9.783300141,46.43330014
110.0807996,34.46330014
76.86669986,10.18330014
143.2,43.5
77.35,43.35
71.46669986,39.91669986
-92.32,38.875
-91.14,37.15
-91.2,37.01
-119.8,43.15
73.38330014,34.03330014
74.75,35.5
65.58330014,66.81669986
-103.365,43.715
-103.39,43.645
-136.7993995,59.94
-129.6731,59.1875005
-133.0835999,60.56780024
-133.6666999,59.71669986
-131.2935999,59.96110038
-121,40
-130.05,56.13330014
-116.9,50.25
-116.45,49.63330014
103.2666999,70.36669986
109.4666999,70.65
-114.55,50.21669986
-114.3833001,49.33330014
-114.0333001,49
-116.25,51.13330014
-118.0666999,52.93330014
-117.2333001,52.21669986
-117.2,52.15
-116.5166999,51.7
-119.1166999,53.15
-71.31669986,-37.48330014
31.21669986,29.86669986
8.95,51.16669986
9.066699859,51.15
7.233300141,50.66669986
6.55,50.43330014
6.266699859,50.66669986
6.416699859,50.6
6.35,50.56669986
6.05,51.75
10.48330014,43.3
11.73330014,44.1
-97.23859988,48.96479984
-97.02180044,47.90090022
83.66669986,69.01669986
-4.039200362,40.78529974
-0.733300141,42.8
-111.9666999,41.35
-109.9,44.73330014
-110.7166999,44.73330014
7.97,46.59
7.66190002,46.94939952
7.19,46.16
8.861400121,46.00889962
7.15,46.2
7.76309998,46.83939952
9.787800241,46.44079964
6.9,47.05
8.881699859,46.185
8.755,47.6575005
9.71,46.70060048
8.739200362,47.51190002
-71.7,-40.63330014
-71.46669986,-40.81669986
-70.29,54.15
-93.45,34.73330014
-93.46669986,34.66669986
-94.53330014,34.63330014
-116.79,48.37
-113.6333001,46.65
132.5,62
-162.2166999,67.48330014
143.59,51.03
-121.8666999,44.21669986
-108.3478002,37.27389962
13.0330004,53.4169996
10.915,53.485
-125.2,49.65
-126.34,52.22
-123.48,50.78
-98.3609998,50.1590002
-135.98,58.74
-134.7333001,68.25
-134.1666999,68.11669986
-134.15,68.26669986
-135.2,68.31669986
-110.7990998,43.33190002
-155.3842004,58.37590022
-79.72,39.1
33,41.5
14.73,60.45
-7,54
-6.85,54.35
-8.87,53.13
-78.88,35.65
13,48.75
13,48.75
11.53,46.78
11.75,47.63
-111.9,40.8
-102.78,54.93
-106.43,55.7
9.5,47.75
-111.57,34.88
13.82,41.77
-72.75,-50.42
-67.33,-54.92
77.27,31.18
77.17,32.27
-0.88,53.63
-111.33,39.58
-112.53,45.75
-115.17,47
-116.75,49.08
-118.47,37.17
-113.95,45.7
-107.72,37.9
-113.77,46.23
-1.35,39.28
-100,42.82
-120.23,48.28
-122.03,45.88
-118.8,48.48
-120.73,48.48
-121.83,48.65
-108.48,37.18
-77.32,40.88
-78.2,45.8
-79.83,38.7
-79.52,37.5
-77.65,40.23
-83.97,35.22
-83.18,35.08
-89.97,46.72
-69.17,46.77
-88.75,46.7
-69.33,46
-65.92,48.58
-79.92,47
-115.17,36.67
-162.2,65.18
-162.22,65.22
-162.22,65.22
-162.18,65.08
-107.68,35.23
-109.33,35.67
-105.73,36.12
-105.73,35.45
-110.67,34.05
-110.73,36.83
-109.37,36.08
-105.42,37.55
-78.15,38.2
174.08,-39.25
174.25,-36.12
145.93,-41.63
-90.73,41.65
-89.2,37.6
-91.5,37.12
-87.75,40.13
-121.33,47.88
10,54
-89.63,37.9
-115.58,35.53
-110.72,45
-110.52,43.7
-120.05,48.42
-2.13,40.35
-4.1,40.87
11.02,46.87
-120.12,41.18
-94.38,47.27
-121.33,48.07
-121.62,46.88
-121.47,47.42
-120.55,47.3
-118.37,36.62
-105.2,40.53
-105.73,40.1
-110.87,31.7
-116.95,38.78
-105.55,40.05
-110.55,32.22
-111.4,33.9
-111.72,35.32
-110.83,31.72
-109.93,34.25
-112.15,37.6
-111.93,37.72
-80.2,46.72
-69.4,44.67
-97.03,34.45
-109.78,33.38
-121.07,43.97
-120.25,39.57
-70.95,-37.82
-93.25,36.07
-127.83,65
-142.68,61.37
100.03,47.27
97.12,48.77
107.5,47.78
6.17,52.25
4.43,52.17
20.37,66.85
-133.13,55.48
-139.7,59.52
-149.2,61.95
-139.37,59.6
-139.7,59.52
-118.8,36.57
-119.77,37.77
-119.87,37.8
-118.8,36.62
-118.8,36.62
-111.33,45.3
15.73,68.8
-111.5,58.98
135.72,35.33
-70.07,48.08
82.05,29.3
84.15,28.35
83.1,28.43
23.58,40.48
39.28,40.57
20.9,40.3
32.88,34.92
145.98,-42.2
146.57,-42.65
-91.57,42.62
-111.33,59.58
-150.27,67.22
-116.45,52
5.25,51.58
6.08,46.63
-120,38.7
-101.12,43.6
-121.07,43.97
-102.92,47.42
28.98,61.93
32.33,64.77
22.15,68.48
30.08,62.07
28.88,61.87
28.9,61.87
28.87,61.97
29.17,62.03
-71.1,42.38
-106.82,29.52
171.6,-43.13
170.97,-43.08
75.7,34.03
-119.05,51.03
-118.85,49.87
-118.85,49.87
-126.35,50.22
128.47,38.13
-134.8,60.33
-137.55,60.77
-119.88,44.27
-84.48,31.22
-84.48,31.22
-114.97,43.97
-122.33,43
-123.52,47.83
-120.65,48.7
-120.65,48.7
-120.65,48.7
-123.75,47.9
-121,47.83
-121.67,45.33
-121.67,45.33
-117.33,34.27
-117.05,34.17
-117.22,34.22
32.62,41.2
-76.53,36.67
25.95,55.43
-6.23,55.3
2.57,49.23
-1.12,51.8
-5.83,54.47
-2.75,53.93
-79.35,38.3
-5.17,40.33
-4.05,40.82
-3.8,40.78
-0.73,40.3
-0.7,40.28
0.78,42.73
-71.25,-40.67
9.2,52.12
7.15,51.02
-118.17,37.42
154.77,69.28
97.53,69.53
143.17,68.42
133.78,63.65
7.77,46.7
7.17,46.13
7.83,46.28
-133.33,68.27
-68.17,50.17
-76.15,55.73
-76.15,55.73
58.88,54.88
53.57,64.25
53.57,64.25
23.48,61.83
27.12,67
5.73,45.88
-0.57,42.68
7.33,43.87
77.68,66.08
7.78,47.85
7.78,47.85
-130.08,56.92
29.43,66.37
-110.97,62.68
-116.22,51.75
-4.03,40.8
8.02,46.4
8.02,46.4
8.48,47.05
2.05,42.6
75.15,41.6
106.88,53.18
85.05,68.12
32.62,35
7.7,47.83
7.62,46.3
13.18,63.42
32.87,34.93
-0.12,42.67
91.55,49.7
8.98,61.42
43.55,63.43
-128.83,60.08
-148.17,64.83
77.68,66.08
77.68,66.08
41.12,65.33
69.17,66.92
-115.15,50.57
-121.75,43.32
-121.62,42.93
-97.17,49.33
-97.32,49.33
-97.17,49.33
-97.15,49.75
-96.8,30.93
-93.18,36.07
-93.13,36.2
-92.37,36.2
-121.43,39.52
-80.42,33.18
-97.45,29.5
-92.67,35.88
-92.63,35.9
-95.63,35.1
-94.77,38.4
-94.65,34.3
-92.33,33.77
-121.95,37.87
-97.67,34.1
-99.17,32.98
-77.13,36.78
-82.38,35.67
-98.52,30.83
-93.82,36.6
26.93,-18.55
-95.57,40.48
-4.83,35.03
-109.17,33.9
-114.75,39.33
-114.62,39.82
-111.3,58.87
-106.87,39.65
-105.52,23.75
-113,35
-106.08,41.1
-109.12,34.03
-105.93,38.48
-115.5,31.17
-110.85,31.72
-74.6,43.8
-106.53,33.05
-106.67,35.88
-106.35,32.7
-105.52,36.12
-105.42,36.3
5.25,44.17
5.73,43.32
-114.65,39.42
35.43,37.63
35.5,30.63
30.63,37.4
30.52,37.08
30.3,37.42
-71.8,-41.15
-71.8,-41.15
-71.8,-41.15
-70.98,-41.03
-71.97,-42.73
-71.95,-42.58
23.6,54.75
23.6,54.8
21.08,55.97
-109.55,43.43
20.37,50.05
-118.57,45.28
-117.02,45.12
-117.67,45.82
-148.83,60.07
13.13,49.12
-111.87,36.1
-107,38.08
-108.8,39.6
-107.58,38.6
-106.52,39.95
-106.98,39.72
-105.15,37.9
-85.85,44.93
176,-40.08
-124.18,47.13
-83.35,35.7
-83.62,35.68
-123.47,48.53
100,37
-96.58,38.48
32.67,34.98
-87.93,46.83
-71.17,46.83
18.8,68.33
13.33,63.12
-93.52,50.07
-93.77,49.67
-91.1,48.67
-94.87,49.68
-72.85,44.45
38.87,37.78
-108.18,34.97
-105.15,53.95
-93.03,57.32
-118.17,37.52
-120.02,40.53
-97.32,19.17
-120.61,38
-98.87,19.67
-113.82,62.52
-96.62,17.18
23.88,55.37
23.27,56.37
123.9168004,66.27579964
-120,61.2
-111.6,60.91669986
-109.0333001,60.05
-120.8,61.35
-110.6,60.55
-65.58330014,-34.35
-111.32,45.3
-111.32,45.3
-105.47,36.73
-115.7,36.27
-118.43,41.3
-118.8,43.98
-120.9,43.18
-121.47,47.42
-110.67,44.98
-105.63,38.1
-106.23,38.8
-108.23,39.02
-119.08,37.28
-118.37,36.77
-118.62,36.97
-116.6833001,49.58330014
-115.3166999,50.75
7.5,44
-71.93,-41.17
-71.3,-39.2
-72.5,-43
-68.7,-54.2
-71.03,-35.6
174,-36
-105.3666999,39.01669986
-0.416699859,42.31669986
-83.83330014,35.53330014
-5.933300141,54.55
12.1,49.01669986
12.56669986,48.88330014
12.68330014,48.96669986
12.15,48.53330014
12.4,48.85
12.1,49.01669986
24.03330014,45.55
6.566699859,46.88330014
7.25,47.16669986
8.866699859,46
-141.3666999,61.61669986
-149.4666999,67.35
-157.9166999,67.08330014
-61,56
-127.8333001,69.5
86.71669986,43.71669986
99.26669986,27.36669986
-108.23,39.02
122.7093995,-4.868599879
103.1333001,18.33330014
98.93330014,19.28330014
101.5666999,16.73330014
111.6666999,48.83330014
159.1166999,55.13330014
-113.3666999,46.01669986
-113.3666999,48.51669986
-114.0333001,49.03330014
-79.36669986,38.65
-109.4166999,40.96669986
72.58330014,40.16669986
74.98330014,36.61669986
75.5,35.16669986
9.883300141,46.5
12.56669986,48.88330014
12.1,49.01669986
12.1,49.01669986
12.1,49.01669986
-139.7333001,59.53330014
-141.2,64.8
20.23330014,41.8
-71.44260008,-39.61629954
146.2,-43.1
-1.7,51.4
-114.2,49.9
-115.62,54.75
-118.3333001,52.68330014
24.05,68.22
-85.24629954,34.32880004
-84.83,32.83
43.48330014,41.78330014
174.7666999,-36.85
174.7666999,-36.85
174.7666999,-36.85
-74.47,41.12
-73.98,42.19
-72.60129954,42.85520016
-72.3859998,43.48079964
20.08330014,49.23330014
-4.163599879,40.66439952
-98.4990002,29.8719996
7.716699859,46.3
9.183300141,46.78330014
9.533300141,46.9
-135.8666999,58.61669986
98.4,27.88
-120.9833001,41.66669986
97.03330014,31.11669986
96.13330014,33.8
98.39889962,37.31190002
98.62939952,37.02579964
96.28330014,33.71669986
-87.9,46.88330014
-91.2,37.2
-91.2,37.2
-91.14,37.15
-91.04,37.16
-91.04,37.18
-91.12,37.07
74.8,35.33330014
71.63330014,35.68330014
71.93330014,35.35
74.33330014,35.83330014
87.93330014,50.80330014
88.1,49.61669986
87.28330014,49.16669986
-91.6,46.7
-136.8678002,60.02169986
-136.4619,59.54690002
-135.0669,60.59470026
-128.35,61.36669986
-127.0333001,55.38330014
-117.15,51.1
-114.1333001,49.16669986
-116.7333001,50.88330014
-143.28,62.55
-114.9,50.6
-118.3333001,52.68330014
-118.3333001,52.68330014
-116.2166999,51.35
-117.65,52.80420036
-117,52.25
-116.4833001,51.48330014
7.483300141,44.05
9.083300141,51.15
8.983300141,51.15
7.233300141,50.66669986
6.466699859,50.58330014
6.483300141,50.6
8.216699859,50.85
8.216699859,50.85
8.216699859,50.85
7.716699859,50.96669986
8.016699859,51.1
10.3,43.7
11.78330014,44.08330014
-96.78330014,46.86669986
-74.73889962,44.34490042
20.08330014,49.23330014
20.08330014,49.23330014
20.01669986,49.25
25.95,46.95
92.95,70.51669986
98.96874874,52.48231141
20.28330014,48.91669986
-111.3792024,41.4893613
-111.65,41.91
7.85,46.46669986
6.658599879,46.585
6.658599879,46.585
7.66190002,46.94939952
8.863899618,46.06389962
7.597199759,46.80830014
8.863899618,45.98330014
8.560799638,47.26939952
9.883300141,46.48330014
-72.88330014,-49.38330014
-72.71669986,-50.53330014
-71.63,54.1
-77.8,40
-114.3283001,46.95
-111.5983001,37.97830014
90.9675005,27.42230034
19.48330014,41
118.6166999,-22.83330014
-1.116699859,44.58330014
-111.21,40.92
-124.64,49.14
-124.29,48.69
-124.43,48.99
-126.19,52.1
-126.13,52.07
-124.87,51.24
-121.69,49.16
-96,35.5
-134.5166999,68.68330014
-134.9666999,68.36669986
-135.0666999,68.51669986
-135.15,68.15
-133.85,68.45
134,68.51669986
-83.93,35.28
-78.88,35.65
-76.97,36.47
13,48.75
11.5,46.65
10.25,50.25
20,49.37
-103.2,56.65
9.5,47.75
9.5,47.75
9.5,47.75
9.5,47.75
-116.8,34.12
10.27,43.72
-114.25,44.42
-116.6,33.13
-67.72,-54.47
-64.37,-54.83
-66.17,-54.52
78.75,30.62
-0.88,53.63
25.48,62.85
-118.33,48.7
-119.25,37.8
-2.42,39.33
-120.65,48.83
-121.5,47.38
-120.4,48.42
-5.18,33.05
-4.18,34.08
-108.8,35.97
-68.85,46.07
-77.7,40.67
-73.22,41.95
-64,44.82
-83.42,42.67
-74.92,41.22
-74.57,40.5
-81.93,35.88
-80.5,37.38
-68.25,45.32
-76.4,39.88
-78.35,38.5
-73.75,44.13
-78.97,41.75
-78.35,38.5
-61.75,57.5
175.52,-40.67
-108.63,34.22
-110.62,34.07
-109.73,37.62
-110.85,37.02
-107.25,35.58
-108.52,35.4
177.2,-38.7
146.53,-42.2
169.45,-46.38
-91.37,40.83
-89.85,39.97
-90.5,37.5
-93.75,40.62
-124,48
20,49
-119.15,37.95
-119.15,37.95
-119.58,49.6
-95.25,47.2
-105.2,40.42
-4.2,40.87
-4,40.78
-122.5,42.92
-121.17,41.5
-121.05,47.53
-123.58,47.48
-108.23,33.38
-105.27,39.93
-110.55,32.22
-110.77,34.32
-111.53,35.38
-104.87,38.6
-83.32,33.95
-0.17,51.52
-112.18,37.3
-111.97,37.65
-91.27,37.25
-91.2,37.13
-68.8,47.2
-68.62,45.23
-108.55,37.58
-112.05,36.83
-1.5,53.67
-2,51.75
4.87,50.47
-120.45,43.58
-122.95,39.6
-71.17,-39.22
-70.75,-34.78
-118.92,42.67
-114.27,45.88
74.33,35.08
-142.72,61.33
-162.3,67.93
107,47.77
100.83,49.48
-141.63,61.77
4.65,52.47
-105.57,40.42
-152.28,57.62
-121.17,46.33
-139.37,59.6
-139.37,59.6
-139.37,59.6
-120.3,47.37
-143.17,63.23
-121.48,46.63
-105.58,40.05
-119.42,37.83
-119.42,37.83
-118.8,36.57
-118.78,36.57
-118.55,44.7
-119.22,37.83
-118.7,36.6
-119.67,37.72
135.73,35.32
82.02,29.32
82.02,29.3
87.17,27.47
19.22,-32.4
-105.53,36.05
115.75,-32.12
6.25,46.83
-91.12,42.62
-112.18,59.12
-112.2,59.75
-112.17,59.8
-78.42,38
14.3,45.87
-149.83,67.55
-147.92,63.27
-146.62,65.37
-114.22,49.58
6.05,51.22
-116.85,33.35
-120.55,39.52
-100.35,48.98
-111.25,58.97
-112,59
-120.2,39.55
-120.9,43.18
29.08,61.65
28.77,61.77
28.48,68.92
29.75,61.8
28.3,62.05
29.17,62.03
27.2,68.07
-1.47,53.35
-0.92,54.12
171.65,-43.13
171.7,-43.08
167.65,-45.28
168,-44.77
175.6,-38.7
75.7,34.03
-120.57,42.1
-110.72,32.35
-114.55,44.13
-123.25,47.92
-122,42.83
-120.65,48.7
-123.42,48
-121.75,46.83
-116.9,34.02
-116.97,34.05
-116.97,34.17
-117.27,34.22
-121.33,48.67
32.52,36.45
32.52,36.45
-1.45,40.28
-0.78,42.83
-3.95,40.8
-0.48,40.63
-0.7,42.8
-69.08,-32.72
-72.5,-43
-81,39.98
-106.82,37.78
8.9,52.25
-110.3,39.78
-108.5,37.2
-118.17,37.4
147.58,68.45
-117.33,51.42
7.22,47.32
-116.13,62.45
-116.13,62.45
-133.33,68.27
32.68,34.98
7.07,47.13
5.93,46.27
-120.72,61.68
83.75,28.42
-3.57,57.02
8.07,46.6
-96.38,53.5
154,59.78
78.18,42.18
76.77,67.47
84.5,69.12
125.8,63.38
60.58,65.45
57.12,60.38
159.95,63.67
27.12,67
-5.75,56.97
82.3,66.68
6.92,45.27
-58.67,53.48
32.8,68.77
-105.55,40.05
-77.57,54.58
50.63,65.6
51.38,60.7
42.5,64.92
-5.67,57.33
8.03,46.37
8.08,47.8
109.5,55.25
82.33,66.67
7.43,46.4
7.43,46.4
7.75,47.78
-127.25,54.9
-117,52.25
7.78,46.33
7.68,46.87
-5.08,36.67
125.33,69.28
76.32,63.07
85.37,50.15
143.12,64.53
30.9,61.37
130.83,67.83
44.42,62.17
8.35,48.03
9.2,42.08
43.55,63.43
82.33,66.6
59.17,59.58
-121.65,43.23
-121.52,42.75
-97.1,49.93
-92.97,32.25
-76.88,36.78
-100.07,24.83
-76.67,37.62
-81.22,32.35
-105.75,23.75
-93.87,33.68
-92.28,36.22
-118.67,35.52
-120.25,34.67
-91.25,35.55
-92.1,36
-92.2,36.3
-83.3,32.05
-97.88,19.53
-105.65,35.08
-112.13,36.25
-108.75,34.03
-108.63,33.53
-105.82,32.95
-109.12,35.83
-113,36
-110.3,39.78
16.25,48.12
16.25,48.12
-90.9,48.22
-105.47,36.73
-117.72,45.97
-108.5,33.25
17.47,51.35
6.68,45.22
32.2,36.65
28.93,39.28
-71.8,-41.15
-71.03,-40.07
-71.15,-40.7
-71.1,-40.73
-65.55,-25.12
-65.42,-24.92
-71.78,-41.83
22.67,55.07
23.6,54.8
23.05,50.65
23.02,54.08
17.17,51.25
-117.92,45.78
-148.45,60.75
-148.58,60.83
-148.9,60.37
-105.9,32.8
12.57,48.98
11.93,48.95
-106.8,38.73
-103.95,36.77
-105.9,39.6
-108.33,38.25
-105.17,39.38
-105.43,38.87
-105.42,40.13
-99.72,42.67
-103.62,37.1
-107.88,39.67
-107.2,38.32
-100.87,42.7
-86.08,44.72
-86.08,44.72
-86.08,44.72
-86.08,44.72
175.73,-39.53
175.98,-40.07
171.28,-43.07
-83.5,35.67
-83.23,35.75
-83.38,35.58
-123.47,48.53
-105.83,40.55
-88,36.48
-118.93,49.73
-120.58,50.53
-121.1,49.63
35.98,34.3
35.68,33.67
34.55,37.27
-113.65,48.72
98,36
98.5,37
-121.83,44.15
18.27,59.18
-93.88,49.68
-91.87,48.72
-91.78,48.93
8.82,46.55
-118.17,37.38
-93.47,58.53
11.25,47.43
-79.87,33.8
-121.46,36.12
-113.87,62.55
-113.85,62.55
-114.13,62.6
-114.35,62.52
23.87,54.57
22.98,54.4
-5.6,32.38
128.5938996,62.02990042
123.4164997,66.75070006
4.1,36.45
161.55,68.73330014
-80.61669986,36.38330014
-77.1,37.78330014
6,46.75
-114.55,44.13
-91.53,37.1
-111.33,45.3
-111.33,45.3
-113.15,46.28
-114.62,39.82
-115.53,40.23
-115.43,39.08
-115.7,36.32
-121.07,43.97
-110.6666999,39.81669986
-123.03,47.83
-105.55,40.05
-105.42,37.55
-106.52,39.95
-108.2,39.83
-120.7,41.62
-122.97,39.67
-118.22,37.5
-118.22,37.37
-120,38.7
-120.55,39.52
-118.37,36.62
-117.33,51.42
1,42.5
25,68
-71.5,-38.5
147,-42
168,-47
-0.416699859,42.25
-6.316699859,53.35
-5.833300141,54.3
12.56669986,48.88330014
12.1,49.01669986
12.56669986,48.88330014
12.56669986,48.88330014
6.816699859,46.96669986
-149.7666999,67.96669986
90.76669986,27.7
90.15,27.45
90.7,27.45
82.15,43.06669986
82.86669986,43.15
99.93330014,29.15
99.93330014,28.98330014
99.8,27.61669986
99.3,27.33330014
93.33330014,43.81669986
91,49.96669986
107.4666999,48.35
88.5,48.5
111.6833001,48.83330014
145.0133001,43.99330014
109.4666999,70.65
65.6,66.9
-71.16669986,43.2
8.816699859,46.45
12.1,49.01669986
12.1,49.01669986
12.1,49.01669986
12.1,49.01669986
12.01669986,48.7
12.1,49.01669986
-135.5940002,58.4440002
19.76669986,42.41669986
146.27,-43
146.7,-43.25
146.6,-43.15
-1.9,51.81669986
-1.7,51.4
-116.72,51.97
-116.43,52.06
-117.0833001,52.15
24.15,67.5
2.07,42.28
-84.48029974,32.85090022
-84.33119996,32.48110038
-84.83,32.83
-82.625,35.5
-82.625,35.5
43.51669986,41.76669986
107.3062,49.40280024
-5.066699859,32.96669986
-5.166699859,33.4
174.7833001,-36.85
174.7666999,-36.85
175.8333001,-37.38330014
174.7666999,-41.28330014
-74.13,41
-74.13,41
-74.47,41.12
-73.39,43.09
-73.98,42.19
-74.08,41.42
-74,43.4
19.08330014,49.28330014
-96.0090002,29.4319996
8.99309998,46.15
8.49,46.28
8.107199759,47.38309998
8.107199759,47.38309998
6.291400121,46.23110038
9.10690002,46.99169986
9.783300141,46.43330014
-146.98,61.05
-109.92,32.7
114.3166999,-22.45
-134.3833001,58.3
-134.4333001,58.38330014
-141.63,68.65
-147.6566999,64.9985003
99.35,27.58
-120.8833001,41.83330014
96.48330014,31.23330014
97.05560048,37.51280024
133.1166999,33.73330014
72.58330014,40.2
79.4630004,42.1519996
-91.14,37.17
74.08330014,35.5
70.78330014,35
87.96669986,50.68330014
-136.4692004,59.55439952
-133.5,59.51669986
-129.9902997,60.16169986
-137.3833001,63.83330014
-127.4666999,54.71669986
-139.2893995,59.5525005
-121.85,37.55
99.87,48.17
-141.63,61.77
-139.2,59.62
-62.3,57.15
-116.2166999,51.35
-118.05,52.91669986
-118.1166999,52.88330014
-117.2583001,52.89579964
-116.25,51.4
-115.1666999,50.93330014
-117.975,52.87219976
98.55,36.95
99.86669986,38.2
8.983300141,51.15
7.033300141,50.66669986
7.2,50.7
6.266699859,50.66669986
8.433300141,51.18330014
10.48330014,43.3
-96.59660028,46.265
99.87,48.17
1.416699859,42.53330014
-111.95,41.36669986
7.98,46.59
6.222500503,46.56
6.556699859,46.86610038
7.216699859,46.15
7.940799638,47.47529974
8.1,46.38330014
6.8,47.05
8.881699859,46.185
10.36669986,46.68330014
7.859200362,46.29809998
-72.38,54.25
-93.5,34.45
-80.48330014,37.18330014
19.75,68.21669986
145.6031996,-16.97939952
-94.56669986,34.03330014
19.48330014,41
-76.93330014,35.83330014
14.7,48.66669986
10.915,53.485
-124.83,51.59
-75.21669986,44.63330014
-134.7833001,68.28330014
-133.7666999,68.15
-135.5166999,68.45
-133.8,68.4
-110.6711004,43.30420036
-109.92,32.72
-79.28,48.47
15.03,58.95
-78.68,35.82
-68.3,44.33
13,48.75
18.33,49.83
10.5,49.78
9.08,48.57
-103.83,57.85
-107.58,56.82
9.5,47.75
-117.25,32.92
-67.42,-54.52
78.42,30.75
77.8,30.75
77.43,30.83
-111,35
-109,35
-109.3,31.85
-123.67,40.75
-107.87,44.78
-105.03,39.33
25.15,66.32
-111.6833001,35.43
-118.3,48.83
-123.15,47.82
-118.78,48.12
-121.53,46.67
-121.73,46.92
-83.5,35.5
-98.63,55.93
-104.68,53.92
-138.63,68.63
-82.33,35.73
-103.3,29.25
-79.45,37.55
-72.83,44.03
-79.2,41.33
-72.97,42.62
-81.67,36.67
-71.27,44.28
-69,46.23
-107.62,33.78
-110.5,36.67
-106.28,35.78
-109.82,34.25
-108.52,35.4
-78.47,38.47
-117.55,33.73
174.1,-39.28
-88.58,41.65
-106.05,41.13
8,53
9.5,54.5
30.03,63.27
-93.58,35.18
-115.55,51.17
-110.5,43.63
-114.33,43.67
-118.67,38.22
-110.55,45.6
-119.15,37.95
-118.1,52.92
-110.47,43.8
-68.38,58.37
-71.38,44.1
-120.55,40.48
-4.78,40.43
-4.78,40.48
-2.08,40.18
35.28,68.42
-122.08,42.27
-119.38,38.08
-90.9,48.23
-120.5,48.47
-121.57,47.07
-110.73,32.42
-109.23,33.7
-105.58,40.37
-104.97,38.77
-110.68,32.38
-105.63,40.4
-105.2,39.68
-110.55,32.22
-109.37,33.42
-118.6,36.45
-110.55,32.2
28.55,39.92
-112.02,36.85
-91.48,37.12
-92.5,37.17
-68.07,45.42
-68.47,46.73
19.42,67.87
-110.28,32.58
14.8,62.82
-110.77,32.42
-140.72,61.5
5.25,50.5
-71.17,-38.88
-72.78,-50.37
-71.15,-41.08
-71.25,-41.98
-71.22,-39.68
-120.75,41.77
-73.52,-40.13
-115.42,41.9
-71.57,-43.02
-120.75,41.72
143.93,70.43
-114.5,44.62
-93.72,34.62
-143.28,62.55
5.88,51.72
-143.13,68.08
-152.33,57.63
-133.98,58.43
-119.77,37.77
-119.77,37.77
-118.55,44.7
-110.25,44.75
-119.55,37.82
-119.37,37.87
-118.75,36.57
-118.7,36.6
-69.05,49.08
-70,48.03
87.18,27.43
86.28,27.43
87.12,27.4
82.05,29.35
86.35,27.35
30,39.63
18.65,43.35
20.9,40.3
22.35,36.92
22.38,37.9
146.57,-42.65
-70.8,-39.4
-118.22,37.5
147.28,-43.47
-105.15,55.12
-149.68,68.03
6.17,51.92
4.32,51.45
-112.5,58.5
-103.67,44.47
-120.45,43.58
-103.35,43.75
-97.17,43.98
-118.92,42.67
-104,44.58
26.02,61.92
27.02,67.08
25.72,61.93
28.83,61.97
28.93,63.28
29.03,61.92
29.17,63.37
26.6,67.4
31.67,68.65
-68.38,-54.78
9.32,44.72
9.12,45.18
171.7,-43.13
171.6,-43.05
171.7,-43.08
171.73,-43.1
167.68,-45.3
-106.3,35.87
175.67,-38.65
-119.9,50.82
-136.9,60.67
-114.97,43.97
-123.25,47.92
-122.33,43
-120.65,48.68
-123.75,47.9
-123.42,48
-121.5,46.17
-121.5,46.17
-121.83,44.67
-121.83,44.67
-121.75,46.83
-116.75,33.98
-117.02,34.1
-116.98,34.12
-6.53,52.83
1.85,50.83
-6.08,53.13
-9.55,52
-2.73,52.35
-1.33,40.3
-3.17,42.83
-1.9,40.15
-1.93,40.25
-2.93,37.95
-69.12,-32.68
-71.42,-41.67
-72.5,-43
8.97,52.17
-108.5,37.2
30.25,66.98
9.68,46.8
7.53,47.25
93.83,71.33
7.63,46.33
167.67,67.47
10.42,45.88
13.43,42.68
-136.83,59.92
12.07,46.53
-5.35,57.53
7.18,46.13
-2.7,42.03
-105.55,39.95
7.18,46.13
-147.33,61.83
-117.37,61.17
-120.72,61.68
-4.92,57.28
31.17,62.58
85.23,50.87
7.57,47
88.92,67.97
7.32,46.42
7.32,46.42
7.17,46.13
16.2,39.9
50.63,65.6
51.38,60.7
112.25,68.6
119.12,69.78
7.33,47.17
-122.67,55.5
32.9,34.9
7.83,47.25
76.43,41.67
16.23,39.9
25.33,42.73
-143.92,62.83
7.7,47.83
7.62,46.3
154.12,60.35
19.67,68.23
78.18,42.18
136.57,61.15
10.88,63.95
89.58,54.23
76.38,62.93
13.98,62.5
44.42,62.17
-119.13,62.17
-77.67,53.23
7.45,44.03
7.45,44.03
5.25,44.17
160.17,55.82
69.17,66.92
-72.9,44.32
-121.4,43.47
-121.95,43.08
-121.65,43.75
-97.22,49.53
-97.13,49.75
-97.2,49.83
-91.3,35.15
-106.08,26.4
-76.93,37.38
-85.92,30.45
-94.5,35.87
-96.9,16.6
-95.77,37.27
-104.85,31.9
-76.62,36.45
-91.53,37.1
-91.2,37.12
-81.9,29.17
37.05,-0.58
-99.23,23.1
-93.82,36.6
-91.07,34.08
-94.4,36.08
-91.88,32.5
-96.63,30.32
-119.67,38.75
-111.25,58.97
-93.07,35.65
-106.73,42.53
-106.72,39.67
-112.23,36.73
-111.52,35.18
-70.05,44.47
-106.57,35.82
-106.2,36.67
-117.68,45.97
-105.6,36.15
-106.37,32.72
-133.33,68.27
-127.48,64.97
6.68,45.22
-114.92,39.38
-114.58,39.42
-115.53,40.15
30.28,37.42
30.47,37.03
30.02,36.6
30.02,36.6
-71.63,-41.27
-65.78,-27.7
-64.58,-24.6
-71.7,-43.18
-71.48,-41.53
-71.8,-41.12
-71.8,-41.12
-71.83,-42.08
-64.58,-24.6
20.98,52.3
-118.48,45.55
-117.07,45
-148.97,60.08
-151.42,59.68
-150.08,67.12
13.33,49.1
13.1,49.08
12.13,48.92
-87.9,42.67
-111.87,36.12
-103.25,42.63
-106.67,38.25
-105.27,39.93
-103.25,37.23
-105.55,40.32
-108.58,37.58
-104.35,36.07
-103.53,37.5
-106.65,37.67
-108.57,38.83
-108.23,39.02
175.43,-39.23
172.93,-40.93
172.12,-42.32
-83.08,35.6
-83.35,35.7
-83.35,35.7
-112,36.42
9.4,46.58
-118.37,49.9
-117.9,49.15
-119.07,50.37
35.82,34.13
-153.92,60.97
21.77,67.63
16.08,60.13
-91.25,48.97
-98.7,34.72
-148.33,60.45
9.2,46.62
174.53,-36.88
-72.86,44.45
-110.43,44.62
-93.47,58.53
-93.22,57.95
-93.22,57.95
-121.55,36.39
-97.23,35.27
-94.83,36.03
23.72,53.93
-147.1,61.05
-106.6666999,35.91660028
-69.2,-12.6
-66,-22
123.3550996,66.75730034
8.3,36.48330014
9.3,35.85
159.0833001,68.66669986
-120,61.2
-65.11669986,-35.41669986
